{
  "accuracy": [
    0.540978193283081,
    0.7297587394714355,
    0.8774785399436951,
    0.9439854621887207
  ],
  "val_accuracy": [
    0.6047587394714355,
    0.6047587394714355,
    0.5862524509429932,
    0.5558493137359619
  ],
  "loss": [
    0.9088545441627502,
    0.6415247321128845,
    0.33668094873428345,
    0.17363959550857544
  ],
  "val_loss": [
    0.8422183394432068,
    0.9126439690589905,
    1.0882784128189087,
    1.4252924919128418
  ]
}